PATIENT_MR_ID|FACILITY_ID|ENCOUNTER_ID|ENCOUNTER_CLASS_CODE|ENCOUNTER_CLASS_CODE_DESCRIPTION|ENCOUNTER_CLASS_CODE_SYSTEM|ENCOUNTER_STATUS_CODE|ENCOUNTER_STATUS_CODE_DESCRIPTION|ENCOUNTER_STATUS_CODE_SYSTEM|ENCOUNTER_TYPE_CODE|ENCOUNTER_TYPE_CODE_DESCRIPTION|ENCOUNTER_TYPE_CODE_SYSTEM|ENCOUNTER_START_TIME|ENCOUNTER_END_TIME|ENCOUNTER_LAST_UPDATED|LOCATION_NAME|LOCATION_STATUS|LOCATION_TYPE_CODE|LOCATION_TYPE_SYSTEM|LOCATION_ADDRESS1|LOCATION_ADDRESS2|LOCATION_CITY|LOCATION_DISTRICT|LOCATION_STATE|LOCATION_ZIP|LOCATION_PHYSICAL_TYPE_CODE|LOCATION_PHYSICAL_TYPE_SYSTEM|SCREENING_STATUS_CODE|SCREENING_CODE|SCREENING_CODE_DESCRIPTION|SCREENING_CODE_SYSTEM_NAME|RECORDED_TIME|QUESTION_CODE|QUESTION_CODE_DESCRIPTION|QUESTION_CODE_SYSTEM_NAME|UCUM_UNITS|SDOH_DOMAIN|PARENT_QUESTION_CODE|ANSWER_CODE|ANSWER_CODE_DESCRIPTION|ANSWER_CODE_SYSTEM_NAME
11223344|CUMC|EncounterExample|FLD|field|http://terminology.hl7.org/CodeSystem/v3-ActCode|finished|Finished|http://terminology.hl7.org/CodeSystem/v3-ActCode|405672008|Direct questioning (procedure)|http://snomed.info/sct|2024-02-23T00:00:00Z|2024-02-23T00:00:00Z|2024-02-23T00:00:00Z|downtown location|active|CSC|http://terminology.hl7.org/CodeSystem/v3-RoleCode|115 Broadway Suite #1601||New York|MANHATTAN|NY|10006|bu|http://terminology.hl7.org/CodeSystem/location-physical-type|unknown|96777-8|Accountable health communities (AHC) health-related social needs screening (HRSN) tool|http://loinc.org|2023-07-12T16:08:00.000Z|71802-3|What is your living situation today?|http://loinc.org||Homelessness, Housing Instability||LA31993-1|I have a steady place to live|http://loinc.org
11223344|CUMC|EncounterExample|FLD|field|http://terminology.hl7.org/CodeSystem/v3-ActCode|finished|Finished|http://terminology.hl7.org/CodeSystem/v3-ActCode|405672008|Direct questioning (procedure)|http://snomed.info/sct|2024-02-23T00:00:00Z|2024-02-23T00:00:00Z|2024-02-23T00:00:00Z|downtown location|active|CSC|http://terminology.hl7.org/CodeSystem/v3-RoleCode|116 Broadway Suite #1601||New York|MANHATTAN|NY|10007|bu|http://terminology.hl7.org/CodeSystem/location-physical-type|unknown|96777-8|Accountable health communities (AHC) health-related social needs screening (HRSN) tool|http://loinc.org|2023-07-12T16:08:00.000Z|96778-6|Think about the place you live. Do you have problems with any of the following?|http://loinc.org||Inadequate Housing||LA28580-1|Mold|http://loinc.org
11223344|CUMC|EncounterExample|FLD|field|http://terminology.hl7.org/CodeSystem/v3-ActCode|finished|Finished|http://terminology.hl7.org/CodeSystem/v3-ActCode|405672008|Direct questioning (procedure)|http://snomed.info/sct|2024-02-23T00:00:00Z|2024-02-23T00:00:00Z|2024-02-23T00:00:00Z|downtown location|active|CSC|http://terminology.hl7.org/CodeSystem/v3-RoleCode|117 Broadway Suite #1601||New York|MANHATTAN|NY|10008|bu|http://terminology.hl7.org/CodeSystem/location-physical-type|unknown|96777-8|Accountable health communities (AHC) health-related social needs screening (HRSN) tool|http://loinc.org|2023-07-12T16:08:00.000Z|88122-7|Within the past 12 months, you worried that your food would run out before you got money to buy more.|http://loinc.org||Food Insecurity||LA28397-0|Often true|http://loinc.org
11223344|CUMC|EncounterExample|FLD|field|http://terminology.hl7.org/CodeSystem/v3-ActCode|finished|Finished|http://terminology.hl7.org/CodeSystem/v3-ActCode|405672008|Direct questioning (procedure)|http://snomed.info/sct|2024-02-23T00:00:00Z|2024-02-23T00:00:00Z|2024-02-23T00:00:00Z|downtown location|active|CSC|http://terminology.hl7.org/CodeSystem/v3-RoleCode|118 Broadway Suite #1601||New York|MANHATTAN|NY|10009|bu|http://terminology.hl7.org/CodeSystem/location-physical-type|unknown|96777-8|Accountable health communities (AHC) health-related social needs screening (HRSN) tool|http://loinc.org|2023-07-12T16:08:00.000Z|88123-5|Within the past 12 months, the food you bought just didn't last and you didn't have money to get more.|http://loinc.org||Food Insecurity||LA28397-0|Often true|http://loinc.org
11223344|CUMC|EncounterExample|FLD|field|http://terminology.hl7.org/CodeSystem/v3-ActCode|finished|Finished|http://terminology.hl7.org/CodeSystem/v3-ActCode|405672008|Direct questioning (procedure)|http://snomed.info/sct|2024-02-23T00:00:00Z|2024-02-23T00:00:00Z|2024-02-23T00:00:00Z|downtown location|active|CSC|http://terminology.hl7.org/CodeSystem/v3-RoleCode|119 Broadway Suite #1601||New York|MANHATTAN|NY|10010|bu|http://terminology.hl7.org/CodeSystem/location-physical-type|unknown|96777-8|Accountable health communities (AHC) health-related social needs screening (HRSN) tool|http://loinc.org|2023-07-12T16:08:00.000Z|93030-5|In the past 12 months, has lack of reliable transportation kept you from medical appointments, meetings, work or from getting things needed for daily living?|http://loinc.org||Transportation Insecurity||LA32-8|No|http://loinc.org
11223344|CUMC|EncounterExample|FLD|field|http://terminology.hl7.org/CodeSystem/v3-ActCode|finished|Finished|http://terminology.hl7.org/CodeSystem/v3-ActCode|405672008|Direct questioning (procedure)|http://snomed.info/sct|2024-02-23T00:00:00Z|2024-02-23T00:00:00Z|2024-02-23T00:00:00Z|downtown location|active|CSC|http://terminology.hl7.org/CodeSystem/v3-RoleCode|120 Broadway Suite #1601||New York|MANHATTAN|NY|10011|bu|http://terminology.hl7.org/CodeSystem/location-physical-type|unknown|96777-8|Accountable health communities (AHC) health-related social needs screening (HRSN) tool|http://loinc.org|2023-07-12T16:08:00.000Z|96779-4|In the past 12 months has the electric, gas, oil, or water company threatened to shut off services in your home?|http://loinc.org||Utility Insecurity||LA32-8|No|http://loinc.org
11223344|CUMC|EncounterExample|FLD|field|http://terminology.hl7.org/CodeSystem/v3-ActCode|finished|Finished|http://terminology.hl7.org/CodeSystem/v3-ActCode|405672008|Direct questioning (procedure)|http://snomed.info/sct|2024-02-23T00:00:00Z|2024-02-23T00:00:00Z|2024-02-23T00:00:00Z|downtown location|active|CSC|http://terminology.hl7.org/CodeSystem/v3-RoleCode|121 Broadway Suite #1601||New York|MANHATTAN|NY|10012|bu|http://terminology.hl7.org/CodeSystem/location-physical-type|unknown|96777-8|Accountable health communities (AHC) health-related social needs screening (HRSN) tool|http://loinc.org|2023-07-12T16:08:00.000Z|95618-5|How often does anyone, including family and friends, physically hurt you?|http://loinc.org||Interpersonal Safety||LA6270-8|Never|http://loinc.org
11223344|CUMC|EncounterExample|FLD|field|http://terminology.hl7.org/CodeSystem/v3-ActCode|finished|Finished|http://terminology.hl7.org/CodeSystem/v3-ActCode|405672008|Direct questioning (procedure)|http://snomed.info/sct|2024-02-23T00:00:00Z|2024-02-23T00:00:00Z|2024-02-23T00:00:00Z|downtown location|active|CSC|http://terminology.hl7.org/CodeSystem/v3-RoleCode|122 Broadway Suite #1601||New York|MANHATTAN|NY|10013|bu|http://terminology.hl7.org/CodeSystem/location-physical-type|unknown|96777-8|Accountable health communities (AHC) health-related social needs screening (HRSN) tool|http://loinc.org|2023-07-12T16:08:00.000Z|95617-7|How often does anyone, including family and friends, insult or talk down to you?|http://loinc.org||Interpersonal Safety||LA6270-8|Never|http://loinc.org
11223344|CUMC|EncounterExample|FLD|field|http://terminology.hl7.org/CodeSystem/v3-ActCode|finished|Finished|http://terminology.hl7.org/CodeSystem/v3-ActCode|405672008|Direct questioning (procedure)|http://snomed.info/sct|2024-02-23T00:00:00Z|2024-02-23T00:00:00Z|2024-02-23T00:00:00Z|downtown location|active|CSC|http://terminology.hl7.org/CodeSystem/v3-RoleCode|123 Broadway Suite #1601||New York|MANHATTAN|NY|10014|bu|http://terminology.hl7.org/CodeSystem/location-physical-type|unknown|96777-8|Accountable health communities (AHC) health-related social needs screening (HRSN) tool|http://loinc.org|2023-07-12T16:08:00.000Z|95616-9|How often does anyone, including family and friends, threaten you with harm?|http://loinc.org||Interpersonal Safety||LA6270-8|Never|http://loinc.org
11223344|CUMC|EncounterExample|FLD|field|http://terminology.hl7.org/CodeSystem/v3-ActCode|finished|Finished|http://terminology.hl7.org/CodeSystem/v3-ActCode|405672008|Direct questioning (procedure)|http://snomed.info/sct|2024-02-23T00:00:00Z|2024-02-23T00:00:00Z|2024-02-23T00:00:00Z|downtown location|active|CSC|http://terminology.hl7.org/CodeSystem/v3-RoleCode|124 Broadway Suite #1601||New York|MANHATTAN|NY|10015|bu|http://terminology.hl7.org/CodeSystem/location-physical-type|unknown|96777-8|Accountable health communities (AHC) health-related social needs screening (HRSN) tool|http://loinc.org|2023-07-12T16:08:00.000Z|95615-1|How often does anyone, including family and friends, scream or curse at you?|http://loinc.org||Interpersonal Safety||LA6270-8|Never|http://loinc.org
11223344|CUMC|EncounterExample|FLD|field|http://terminology.hl7.org/CodeSystem/v3-ActCode|finished|Finished|http://terminology.hl7.org/CodeSystem/v3-ActCode|405672008|Direct questioning (procedure)|http://snomed.info/sct|2024-02-23T00:00:00Z|2024-02-23T00:00:00Z|2024-02-23T00:00:00Z|downtown location|active|CSC|http://terminology.hl7.org/CodeSystem/v3-RoleCode|125 Broadway Suite #1601||New York|MANHATTAN|NY|10016|bu|http://terminology.hl7.org/CodeSystem/location-physical-type|unknown|96777-8|Accountable health communities (AHC) health-related social needs screening (HRSN) tool|http://loinc.org|2023-07-12T16:08:00.000Z|95614-4|Total Safety Score|http://loinc.org||Interpersonal Safety|||4|http://loinc.org
11223344|CUMC|EncounterExample|FLD|field|http://terminology.hl7.org/CodeSystem/v3-ActCode|finished|Finished|http://terminology.hl7.org/CodeSystem/v3-ActCode|405672008|Direct questioning (procedure)|http://snomed.info/sct|2024-02-23T00:00:00Z|2024-02-23T00:00:00Z|2024-02-23T00:00:00Z|downtown location|active|CSC|http://terminology.hl7.org/CodeSystem/v3-RoleCode|126 Broadway Suite #1601||New York|MANHATTAN|NY|10017|bu|http://terminology.hl7.org/CodeSystem/location-physical-type|unknown|97023-6|Accountable health communities (AHC) health-related social needs (HRSN) supplemental questions|http://loinc.org|2023-07-12T16:08:00.000Z|76513-1|How hard is it for you to pay for the very basics like food, housing, medical care, and heating? Would you say it is|http://loinc.org||Financial Insecurity||LA22683-9|Somewhat Hard|http://loinc.org
11223344|CUMC|EncounterExample|FLD|field|http://terminology.hl7.org/CodeSystem/v3-ActCode|finished|Finished|http://terminology.hl7.org/CodeSystem/v3-ActCode|405672008|Direct questioning (procedure)|http://snomed.info/sct|2024-02-23T00:00:00Z|2024-02-23T00:00:00Z|2024-02-23T00:00:00Z|downtown location|active|CSC|http://terminology.hl7.org/CodeSystem/v3-RoleCode|127 Broadway Suite #1601||New York|MANHATTAN|NY|10018|bu|http://terminology.hl7.org/CodeSystem/location-physical-type|unknown|97023-6|Accountable health communities (AHC) health-related social needs (HRSN) supplemental questions|http://loinc.org|2023-07-12T16:08:00.000Z|96780-2|Do you want help finding or keeping work or a job?|http://loinc.org||Employment Status||LA31981-6|Yes, help finding work|http://loinc.org
11223344|CUMC|EncounterExample|FLD|field|http://terminology.hl7.org/CodeSystem/v3-ActCode|finished|Finished|http://terminology.hl7.org/CodeSystem/v3-ActCode|405672008|Direct questioning (procedure)|http://snomed.info/sct|2024-02-23T00:00:00Z|2024-02-23T00:00:00Z|2024-02-23T00:00:00Z|downtown location|active|CSC|http://terminology.hl7.org/CodeSystem/v3-RoleCode|128 Broadway Suite #1601||New York|MANHATTAN|NY|10019|bu|http://terminology.hl7.org/CodeSystem/location-physical-type|unknown|97023-6|Accountable health communities (AHC) health-related social needs (HRSN) supplemental questions|http://loinc.org|2023-07-12T16:08:00.000Z|96781-0|If for any reason you need help with day-to-day activities such as bathing, preparing meals, shopping, managing finances, etc., do you get the help you need?|http://loinc.org||Social Connection||LA31976-6|I don't need any help|http://loinc.org
11223344|CUMC|EncounterExample|FLD|field|http://terminology.hl7.org/CodeSystem/v3-ActCode|finished|Finished|http://terminology.hl7.org/CodeSystem/v3-ActCode|405672008|Direct questioning (procedure)|http://snomed.info/sct|2024-02-23T00:00:00Z|2024-02-23T00:00:00Z|2024-02-23T00:00:00Z|downtown location|active|CSC|http://terminology.hl7.org/CodeSystem/v3-RoleCode|129 Broadway Suite #1601||New York|MANHATTAN|NY|10020|bu|http://terminology.hl7.org/CodeSystem/location-physical-type|unknown|97023-6|Accountable health communities (AHC) health-related social needs (HRSN) supplemental questions|http://loinc.org|2023-07-12T16:08:00.000Z|93159-2|How often do you feel lonely or isolated from those around you?|http://loinc.org||Social Connection||LA6270-8|Never|http://loinc.org
11223344|CUMC|EncounterExample|FLD|field|http://terminology.hl7.org/CodeSystem/v3-ActCode|finished|Finished|http://terminology.hl7.org/CodeSystem/v3-ActCode|405672008|Direct questioning (procedure)|http://snomed.info/sct|2024-02-23T00:00:00Z|2024-02-23T00:00:00Z|2024-02-23T00:00:00Z|downtown location|active|CSC|http://terminology.hl7.org/CodeSystem/v3-RoleCode|130 Broadway Suite #1601||New York|MANHATTAN|NY|10021|bu|http://terminology.hl7.org/CodeSystem/location-physical-type|unknown|97023-6|Accountable health communities (AHC) health-related social needs (HRSN) supplemental questions|http://loinc.org|2023-07-12T16:08:00.000Z|97027-7|Do you speak a language other than English at home?|http://loinc.org||Language finding (finding)||LA33-6|Yes|http://loinc.org
11223344|CUMC|EncounterExample|FLD|field|http://terminology.hl7.org/CodeSystem/v3-ActCode|finished|Finished|http://terminology.hl7.org/CodeSystem/v3-ActCode|405672008|Direct questioning (procedure)|http://snomed.info/sct|2024-02-23T00:00:00Z|2024-02-23T00:00:00Z|2024-02-23T00:00:00Z|downtown location|active|CSC|http://terminology.hl7.org/CodeSystem/v3-RoleCode|131 Broadway Suite #1601||New York|MANHATTAN|NY|10022|bu|http://terminology.hl7.org/CodeSystem/location-physical-type|unknown|97023-6|Accountable health communities (AHC) health-related social needs (HRSN) supplemental questions|http://loinc.org|2023-07-12T16:08:00.000Z|96782-8|Do you want help with school or training? For example, starting or completing job training or getting a high school diploma, GED or equivalent.|http://loinc.org||Education and/or schooling finding||LA33-6|Yes|http://loinc.org
11223344|CUMC|EncounterExample|FLD|field|http://terminology.hl7.org/CodeSystem/v3-ActCode|finished|Finished|http://terminology.hl7.org/CodeSystem/v3-ActCode|405672008|Direct questioning (procedure)|http://snomed.info/sct|2024-02-23T00:00:00Z|2024-02-23T00:00:00Z|2024-02-23T00:00:00Z|downtown location|active|CSC|http://terminology.hl7.org/CodeSystem/v3-RoleCode|132 Broadway Suite #1601||New York|MANHATTAN|NY|10023|bu|http://terminology.hl7.org/CodeSystem/location-physical-type|unknown|97023-6|Accountable health communities (AHC) health-related social needs (HRSN) supplemental questions|http://loinc.org|2023-07-12T16:08:00.000Z|89555-7|In the last 30 days, other than the activities you did for work, on average, how many days per week did you engage in moderate exercise (like walking fast, running, jogging, dancing, swimming, biking, or other similar activities)|http://loinc.org||Physical activity finding (finding)||LA6114-8|3|http://loinc.org
11223344|CUMC|EncounterExample|FLD|field|http://terminology.hl7.org/CodeSystem/v3-ActCode|finished|Finished|http://terminology.hl7.org/CodeSystem/v3-ActCode|405672008|Direct questioning (procedure)|http://snomed.info/sct|2024-02-23T00:00:00Z|2024-02-23T00:00:00Z|2024-02-23T00:00:00Z|downtown location|active|CSC|http://terminology.hl7.org/CodeSystem/v3-RoleCode|133 Broadway Suite #1601||New York|MANHATTAN|NY|10024|bu|http://terminology.hl7.org/CodeSystem/location-physical-type|unknown|97023-6|Accountable health communities (AHC) health-related social needs (HRSN) supplemental questions|http://loinc.org|2023-07-12T16:08:00.000Z|68516-4|On average, how many minutes did you usually spend exercising at this level on one of those days?|http://loinc.org||Physical activity finding (finding)||LA28858-1|40|http://loinc.org
11223344|CUMC|EncounterExample|FLD|field|http://terminology.hl7.org/CodeSystem/v3-ActCode|finished|Finished|http://terminology.hl7.org/CodeSystem/v3-ActCode|405672008|Direct questioning (procedure)|http://snomed.info/sct|2024-02-23T00:00:00Z|2024-02-23T00:00:00Z|2024-02-23T00:00:00Z|downtown location|active|CSC|http://terminology.hl7.org/CodeSystem/v3-RoleCode|134 Broadway Suite #1601||New York|MANHATTAN|NY|10025|bu|http://terminology.hl7.org/CodeSystem/location-physical-type|unknown|97023-6|Accountable health communities (AHC) health-related social needs (HRSN) supplemental questions|http://loinc.org|2023-07-12T16:08:00.000Z|77594-0|Calculated Physical Activity Score|http://loinc.org||||||http://loinc.org
11223344|CUMC|EncounterExample|FLD|field|http://terminology.hl7.org/CodeSystem/v3-ActCode|finished|Finished|http://terminology.hl7.org/CodeSystem/v3-ActCode|405672008|Direct questioning (procedure)|http://snomed.info/sct|2024-02-23T00:00:00Z|2024-02-23T00:00:00Z|2024-02-23T00:00:00Z|downtown location|active|CSC|http://terminology.hl7.org/CodeSystem/v3-RoleCode|135 Broadway Suite #1601||New York|MANHATTAN|NY|10026|bu|http://terminology.hl7.org/CodeSystem/location-physical-type|unknown|97023-6|Accountable health communities (AHC) health-related social needs (HRSN) supplemental questions|http://loinc.org|2023-07-12T16:08:00.000Z|68517-2|How many times in the past 12 months have you had 5 or more drinks in a day (males) or 4 or more drinks in a day (females)?|http://loinc.org||Finding relating to alcohol drinking behavior (finding)||LA26460-8|Once or twice|http://loinc.org
11223344|CUMC|EncounterExample|FLD|field|http://terminology.hl7.org/CodeSystem/v3-ActCode|finished|Finished|http://terminology.hl7.org/CodeSystem/v3-ActCode|405672008|Direct questioning (procedure)|http://snomed.info/sct|2024-02-23T00:00:00Z|2024-02-23T00:00:00Z|2024-02-23T00:00:00Z|downtown location|active|CSC|http://terminology.hl7.org/CodeSystem/v3-RoleCode|136 Broadway Suite #1601||New York|MANHATTAN|NY|10027|bu|http://terminology.hl7.org/CodeSystem/location-physical-type|unknown|97023-6|Accountable health communities (AHC) health-related social needs (HRSN) supplemental questions|http://loinc.org|2023-07-12T16:08:00.000Z|96842-0|How many times in the past 12 months have you used tobacco products (like cigarettes, cigars, snuff, chew, electronic cigarettes)?|http://loinc.org||Finding of tobacco use and exposure (finding)||LA26460-8|Once or twice|http://loinc.org
11223344|CUMC|EncounterExample|FLD|field|http://terminology.hl7.org/CodeSystem/v3-ActCode|finished|Finished|http://terminology.hl7.org/CodeSystem/v3-ActCode|405672008|Direct questioning (procedure)|http://snomed.info/sct|2024-02-23T00:00:00Z|2024-02-23T00:00:00Z|2024-02-23T00:00:00Z|downtown location|active|CSC|http://terminology.hl7.org/CodeSystem/v3-RoleCode|137 Broadway Suite #1601||New York|MANHATTAN|NY|10028|bu|http://terminology.hl7.org/CodeSystem/location-physical-type|unknown|97023-6|Accountable health communities (AHC) health-related social needs (HRSN) supplemental questions|http://loinc.org|2023-07-12T16:08:00.000Z|95530-2|How many times in the past year have you used prescription drugs for non-medical reasons?|http://loinc.org||Finding related to substance use (finding)||LA26460-8|Once or twice|http://loinc.org
11223344|CUMC|EncounterExample|FLD|field|http://terminology.hl7.org/CodeSystem/v3-ActCode|finished|Finished|http://terminology.hl7.org/CodeSystem/v3-ActCode|405672008|Direct questioning (procedure)|http://snomed.info/sct|2024-02-23T00:00:00Z|2024-02-23T00:00:00Z|2024-02-23T00:00:00Z|downtown location|active|CSC|http://terminology.hl7.org/CodeSystem/v3-RoleCode|138 Broadway Suite #1601||New York|MANHATTAN|NY|10029|bu|http://terminology.hl7.org/CodeSystem/location-physical-type|unknown|97023-6|Accountable health communities (AHC) health-related social needs (HRSN) supplemental questions|http://loinc.org|2023-07-12T16:08:00.000Z|68524-8|How many times in the past year have you used illegal drugs?|http://loinc.org||Finding relating to drug misuse behavior (finding)||LA26460-8|Once or twice|http://loinc.org
11223344|CUMC|EncounterExample|FLD|field|http://terminology.hl7.org/CodeSystem/v3-ActCode|finished|Finished|http://terminology.hl7.org/CodeSystem/v3-ActCode|405672008|Direct questioning (procedure)|http://snomed.info/sct|2024-02-23T00:00:00Z|2024-02-23T00:00:00Z|2024-02-23T00:00:00Z|downtown location|active|CSC|http://terminology.hl7.org/CodeSystem/v3-RoleCode|139 Broadway Suite #1601||New York|MANHATTAN|NY|10030|bu|http://terminology.hl7.org/CodeSystem/location-physical-type|unknown|97023-6|Accountable health communities (AHC) health-related social needs (HRSN) supplemental questions|http://loinc.org|2023-07-12T16:08:00.000Z|44250-9|Little interest or pleasure in doing things?|http://loinc.org||Mental state finding (finding)||LA6568-5|Not at all|http://loinc.org
11223344|CUMC|EncounterExample|FLD|field|http://terminology.hl7.org/CodeSystem/v3-ActCode|finished|Finished|http://terminology.hl7.org/CodeSystem/v3-ActCode|405672008|Direct questioning (procedure)|http://snomed.info/sct|2024-02-23T00:00:00Z|2024-02-23T00:00:00Z|2024-02-23T00:00:00Z|downtown location|active|CSC|http://terminology.hl7.org/CodeSystem/v3-RoleCode|140 Broadway Suite #1601||New York|MANHATTAN|NY|10031|bu|http://terminology.hl7.org/CodeSystem/location-physical-type|unknown|97023-6|Accountable health communities (AHC) health-related social needs (HRSN) supplemental questions|http://loinc.org|2023-07-12T16:08:00.000Z|44255-8|Feeling down, depressed, or hopeless?|http://loinc.org||Mental state finding (finding)||LA6568-5|Not at all|http://loinc.org
11223344|CUMC|EncounterExample|FLD|field|http://terminology.hl7.org/CodeSystem/v3-ActCode|finished|Finished|http://terminology.hl7.org/CodeSystem/v3-ActCode|405672008|Direct questioning (procedure)|http://snomed.info/sct|2024-02-23T00:00:00Z|2024-02-23T00:00:00Z|2024-02-23T00:00:00Z|downtown location|active|CSC|http://terminology.hl7.org/CodeSystem/v3-RoleCode|141 Broadway Suite #1601||New York|MANHATTAN|NY|10032|bu|http://terminology.hl7.org/CodeSystem/location-physical-type|unknown|97023-6|Accountable health communities (AHC) health-related social needs (HRSN) supplemental questions|http://loinc.org|2023-07-12T16:08:00.000Z|71969-0|Calculated mental health score|http://loinc.org||Mental state finding (finding)||LA6568-5|Not at all|http://loinc.org
11223344|CUMC|EncounterExample|FLD|field|http://terminology.hl7.org/CodeSystem/v3-ActCode|finished|Finished|http://terminology.hl7.org/CodeSystem/v3-ActCode|405672008|Direct questioning (procedure)|http://snomed.info/sct|2024-02-23T00:00:00Z|2024-02-23T00:00:00Z|2024-02-23T00:00:00Z|downtown location|active|CSC|http://terminology.hl7.org/CodeSystem/v3-RoleCode|142 Broadway Suite #1601||New York|MANHATTAN|NY|10033|bu|http://terminology.hl7.org/CodeSystem/location-physical-type|unknown|97023-6|Accountable health communities (AHC) health-related social needs (HRSN) supplemental questions|http://loinc.org|2023-07-12T16:08:00.000Z|93038-8|Stress means a situation in which a person feels tense, restless, nervous, or anxious, or is unable to sleep at night because his or her mind is troubled all the time. Do you feel this kind of stress these days?|http://loinc.org||Stress||LA6568-5|Not at all|http://loinc.org
11223344|CUMC|EncounterExample|FLD|field|http://terminology.hl7.org/CodeSystem/v3-ActCode|finished|Finished|http://terminology.hl7.org/CodeSystem/v3-ActCode|405672008|Direct questioning (procedure)|http://snomed.info/sct|2024-02-23T00:00:00Z|2024-02-23T00:00:00Z|2024-02-23T00:00:00Z|downtown location|active|CSC|http://terminology.hl7.org/CodeSystem/v3-RoleCode|143 Broadway Suite #1601||New York|MANHATTAN|NY|10034|bu|http://terminology.hl7.org/CodeSystem/location-physical-type|unknown|97023-6|Accountable health communities (AHC) health-related social needs (HRSN) supplemental questions|http://loinc.org|2023-07-12T16:08:00.000Z|69858-9|Because of a physical, mental, or emotional condition, do you have serious difficulty concentrating, remembering, or making decisions?|http://loinc.org||Disability||||http://loinc.org
11223344|CUMC|EncounterExample|FLD|field|http://terminology.hl7.org/CodeSystem/v3-ActCode|finished|Finished|http://terminology.hl7.org/CodeSystem/v3-ActCode|405672008|Direct questioning (procedure)|http://snomed.info/sct|2024-02-23T00:00:00Z|2024-02-23T00:00:00Z|2024-02-23T00:00:00Z|downtown location|active|CSC|http://terminology.hl7.org/CodeSystem/v3-RoleCode|144 Broadway Suite #1601||New York|MANHATTAN|NY|10035|bu|http://terminology.hl7.org/CodeSystem/location-physical-type|unknown|97023-6|Accountable health communities (AHC) health-related social needs (HRSN) supplemental questions|http://loinc.org|2023-07-12T16:08:00.000Z|69861-3|Because of a physical, mental, or emotional condition, do you have difficulty doing errands alone such as visiting a physician's office or shopping|http://loinc.org||Disability||LA32-8|No|http://loinc.org