PATIENT_MR_ID_VALUE,FACILITY_ID,FACILITY_NAME,ENCOUNTER_ID,ENCOUNTER_ID_SYSTEM,SCREENING_IDENTIFIER,SCREENING_CODE,SCREENING_CODE_DESCRIPTION,SCREENING_CODE_SYSTEM,QUESTION_CODE,QUESTION_CODE_DESCRIPTION,QUESTION_CODE_SYSTEM,ANSWER_CODE,ANSWER_CODE_DESCRIPTION,ANSWER_CODE_SYSTEM,OBSERVATION_CATEGORY_SDOH_CODE,OBSERVATION_CATEGORY_SDOH_TEXT,DATA_ABSENT_REASON_CODE,DATA_ABSENT_REASON_DISPLAY,POTENTIAL_NEED_INDICATED,SCREENING_START_DATETIME,SCREENING_END_DATETIME
11223344,CUMC,Care Ridge SCN,EncounterExample,https://shinny.org/us/ny/hrsn/index.html,AHCScreeningGroup96777-8,96777-8,Accountable health communities (AHC) health-related social needs screening (HRSN) tool,http://loinc.org,71802-3,What is your living situation today?,http://loinc.org,LA31993-1,I have a steady place to live,http://loinc.org,housing-instability,Housing Instability,,,POS,2023-07-12T16:08:00.000Z,2023-07-12T19:08:00.000Z
11223344,CUMC,Care Ridge SCN,EncounterExample,https://shinny.org/us/ny/hrsn/index.html,AHCScreeningGroup96777-8,96777-8,Accountable health communities (AHC) health-related social needs screening (HRSN) tool,http://loinc.org,96778-6,Think about the place you live. Do you have problems with any of the following?,http://loinc.org,LA28580-1,Mold,http://loinc.org,inadequate-housing,Inadequate Housing,,,POS,2023-07-12T16:08:00.000Z,2023-07-12T19:08:00.000Z
11223344,CUMC,Care Ridge SCN,EncounterExample,https://shinny.org/us/ny/hrsn/index.html,AHCScreeningGroup96777-8,96777-8,Accountable health communities (AHC) health-related social needs screening (HRSN) tool,http://loinc.org,88122-7,"Within the past 12 months, you worried that your food would run out before you got money to buy more.",http://loinc.org,LA28397-0,Often true,http://loinc.org,food-insecurity,Food Insecurity,,,POS,2023-07-12T16:08:00.000Z,2023-07-12T19:08:00.000Z
11223344,CUMC,Care Ridge SCN,EncounterExample,https://shinny.org/us/ny/hrsn/index.html,AHCScreeningGroup96777-8,96777-8,Accountable health communities (AHC) health-related social needs screening (HRSN) tool,http://loinc.org,88123-5,"Within the past 12 months, the food you bought just didn't last and you didn't have money to get more.",http://loinc.org,LA28397-0,Often true,http://loinc.org,food-insecurity,Food Insecurity,,,POS,2023-07-12T16:08:00.000Z,2023-07-12T19:08:00.000Z
11223344,CUMC,Care Ridge SCN,EncounterExample,https://shinny.org/us/ny/hrsn/index.html,AHCScreeningGroup96777-8,96777-8,Accountable health communities (AHC) health-related social needs screening (HRSN) tool,http://loinc.org,93030-5,"In the past 12 months, has lack of reliable transportation kept you from medical appointments, meetings, work or from getting things needed for daily living?",http://loinc.org,LA32-8,No,http://loinc.org,transportation-insecurity,Transportation Insecurity,,,POS,2023-07-12T16:08:00.000Z,2023-07-12T19:08:00.000Z
11223344,CUMC,Care Ridge SCN,EncounterExample,https://shinny.org/us/ny/hrsn/index.html,AHCScreeningGroup96777-8,96777-8,Accountable health communities (AHC) health-related social needs screening (HRSN) tool,http://loinc.org,96779-4,"In the past 12 months has the electric, gas, oil, or water company threatened to shut off services in your home?",http://loinc.org,LA32-8,No,http://loinc.org,utility-insecurity,Utility Insecurity,,,POS,2023-07-12T16:08:00.000Z,2023-07-12T19:08:00.000Z
11223344,CUMC,Care Ridge SCN,EncounterExample,https://shinny.org/us/ny/hrsn/index.html,AHCScreeningGroup96777-8,96777-8,Accountable health communities (AHC) health-related social needs screening (HRSN) tool,http://loinc.org,95618-5,"How often does anyone, including family and friends, physically hurt you?",http://loinc.org,LA6270-8,Never,http://loinc.org,sdoh-category-unspecified,SDOH Category Unspecified,,,POS,2023-07-12T16:08:00.000Z,2023-07-12T19:08:00.000Z
11223344,CUMC,Care Ridge SCN,EncounterExample,https://shinny.org/us/ny/hrsn/index.html,AHCScreeningGroup96777-8,96777-8,Accountable health communities (AHC) health-related social needs screening (HRSN) tool,http://loinc.org,95617-7,"How often does anyone, including family and friends, insult or talk down to you?",http://loinc.org,LA6270-8,Never,http://loinc.org,sdoh-category-unspecified,SDOH Category Unspecified,,,POS,2023-07-12T16:08:00.000Z,2023-07-12T19:08:00.000Z
11223344,CUMC,Care Ridge SCN,EncounterExample,https://shinny.org/us/ny/hrsn/index.html,AHCScreeningGroup96777-8,96777-8,Accountable health communities (AHC) health-related social needs screening (HRSN) tool,http://loinc.org,95616-9,"How often does anyone, including family and friends, threaten you with harm?",http://loinc.org,LA6270-8,Never,http://loinc.org,sdoh-category-unspecified,SDOH Category Unspecified,,,POS,2023-07-12T16:08:00.000Z,2023-07-12T19:08:00.000Z
11223344,CUMC,Care Ridge SCN,EncounterExample,https://shinny.org/us/ny/hrsn/index.html,AHCScreeningGroup96777-8,96777-8,Accountable health communities (AHC) health-related social needs screening (HRSN) tool,http://loinc.org,95615-1,"How often does anyone, including family and friends, scream or curse at you?",http://loinc.org,LA6270-8,Never,http://loinc.org,sdoh-category-unspecified,SDOH Category Unspecified,,,POS,2023-07-12T16:08:00.000Z,2023-07-12T19:08:00.000Z
11223344,CUMC,Care Ridge SCN,EncounterExample,https://shinny.org/us/ny/hrsn/index.html,AHCScreeningGroup96777-8,96777-8,Accountable health communities (AHC) health-related social needs screening (HRSN) tool,http://loinc.org,95614-4,Total Safety Score,http://loinc.org,,4,,sdoh-category-unspecified,SDOH Category Unspecified,,,POS,2023-07-12T16:08:00.000Z,2023-07-12T19:08:00.000Z
11223344,CUMC,Care Ridge SCN,EncounterExample,https://shinny.org/us/ny/hrsn/index.html,AHCScreeningGroup96777-8,97023-6,Accountable health communities (AHC) health-related social needs (HRSN) supplemental questions,http://loinc.org,76513-1,"How hard is it for you to pay for the very basics like food, housing, medical care, and heating? Would you say it is",http://loinc.org,LA22683-9,Somewhat Hard,http://loinc.org,financial-insecurity,Financial Insecurity,,,POS,2023-07-12T16:08:00.000Z,2023-07-12T19:08:00.000Z
11223344,CUMC,Care Ridge SCN,EncounterExample,https://shinny.org/us/ny/hrsn/index.html,AHCScreeningGroup96777-8,97023-6,Accountable health communities (AHC) health-related social needs (HRSN) supplemental questions,http://loinc.org,96780-2,Do you want help finding or keeping work or a job?,http://loinc.org,LA31981-6,"Yes, help finding work",http://loinc.org,employment-status,Employment Status,,,POS,2023-07-12T16:08:00.000Z,2023-07-12T19:08:00.000Z
11223344,CUMC,Care Ridge SCN,EncounterExample,https://shinny.org/us/ny/hrsn/index.html,AHCScreeningGroup96777-8,97023-6,Accountable health communities (AHC) health-related social needs (HRSN) supplemental questions,http://loinc.org,96781-0,"If for any reason you need help with day-to-day activities such as bathing, preparing meals, shopping, managing finances, etc., do you get the help you need?",http://loinc.org,LA31976-6,I don't need any help,http://loinc.org,social-connection,Social Connection,,,POS,2023-07-12T16:08:00.000Z,2023-07-12T19:08:00.000Z
11223344,CUMC,Care Ridge SCN,EncounterExample,https://shinny.org/us/ny/hrsn/index.html,AHCScreeningGroup96777-8,97023-6,Accountable health communities (AHC) health-related social needs (HRSN) supplemental questions,http://loinc.org,93159-2,How often do you feel lonely or isolated from those around you?,http://loinc.org,LA6270-8,Never,http://loinc.org,social-connection,Social Connection,,,POS,2023-07-12T16:08:00.000Z,2023-07-12T19:08:00.000Z
11223344,CUMC,Care Ridge SCN,EncounterExample,https://shinny.org/us/ny/hrsn/index.html,AHCScreeningGroup96777-8,97023-6,Accountable health communities (AHC) health-related social needs (HRSN) supplemental questions,http://loinc.org,97027-7,Do you speak a language other than English at home?,http://loinc.org,LA33-6,Yes,http://loinc.org,stress,Stress,,,POS,2023-07-12T16:08:00.000Z,2023-07-12T19:08:00.000Z
11223344,CUMC,Care Ridge SCN,EncounterExample,https://shinny.org/us/ny/hrsn/index.html,AHCScreeningGroup96777-8,97023-6,Accountable health communities (AHC) health-related social needs (HRSN) supplemental questions,http://loinc.org,96782-8,"Do you want help with school or training? For example, starting or completing job training or getting a high school diploma, GED or equivalent.",http://loinc.org,LA33-6,Yes,http://loinc.org,sdoh-category-unspecified,SDOH Category Unspecified,,,POS,2023-07-12T16:08:00.000Z,2023-07-12T19:08:00.000Z
11223344,CUMC,Care Ridge SCN,EncounterExample,https://shinny.org/us/ny/hrsn/index.html,AHCScreeningGroup96777-8,97023-6,Accountable health communities (AHC) health-related social needs (HRSN) supplemental questions,http://loinc.org,89555-7,"In the last 30 days, other than the activities you did for work, on average, how many days per week did you engage in moderate exercise (like walking fast, running, jogging, dancing, swimming, biking, or other similar activities)",http://loinc.org,LA6114-8,3,http://loinc.org,stress,Stress,,,POS,2023-07-12T16:08:00.000Z,2023-07-12T19:08:00.000Z
11223344,CUMC,Care Ridge SCN,EncounterExample,https://shinny.org/us/ny/hrsn/index.html,AHCScreeningGroup96777-8,97023-6,Accountable health communities (AHC) health-related social needs (HRSN) supplemental questions,http://loinc.org,68516-4,"On average, how many minutes did you usually spend exercising at this level on one of those days?",http://loinc.org,LA28858-1,40,http://loinc.org,stress,Stress,,,POS,2023-07-12T16:08:00.000Z,2023-07-12T19:08:00.000Z
11223344,CUMC,Care Ridge SCN,EncounterExample,https://shinny.org/us/ny/hrsn/index.html,AHCScreeningGroup96777-8,97023-6,Accountable health communities (AHC) health-related social needs (HRSN) supplemental questions,http://loinc.org,77594-0,Calculated weekly physical activity,http://loinc.org,,120,,stress,Stress,,,POS,2023-07-12T16:08:00.000Z,2023-07-12T19:08:00.000Z
11223344,CUMC,Care Ridge SCN,EncounterExample,https://shinny.org/us/ny/hrsn/index.html,AHCScreeningGroup96777-8,97023-6,Accountable health communities (AHC) health-related social needs (HRSN) supplemental questions,http://loinc.org,68517-2,How many times in the past 12 months have you had 5 or more drinks in a day (males) or 4 or more drinks in a day (females)?,http://loinc.org,LA26460-8,Once or twice,http://loinc.org,stress,Stress,,,POS,2023-07-12T16:08:00.000Z,2023-07-12T19:08:00.000Z
11223344,CUMC,Care Ridge SCN,EncounterExample,https://shinny.org/us/ny/hrsn/index.html,AHCScreeningGroup96777-8,97023-6,Accountable health communities (AHC) health-related social needs (HRSN) supplemental questions,http://loinc.org,96842-0,How often have you used any tobacco product in past 12 months?,http://loinc.org,LA26460-8,Once or twice,http://loinc.org,stress,Stress,,,POS,2023-07-12T16:08:00.000Z,2023-07-12T19:08:00.000Z
11223344,CUMC,Care Ridge SCN,EncounterExample,https://shinny.org/us/ny/hrsn/index.html,AHCScreeningGroup96777-8,97023-6,Accountable health communities (AHC) health-related social needs (HRSN) supplemental questions,http://loinc.org,95530-2,How many times in the past year have you used prescription drugs for non-medical reasons?,http://loinc.org,LA26460-8,Once or twice,http://loinc.org,stress,Stress,,,POS,2023-07-12T16:08:00.000Z,2023-07-12T19:08:00.000Z
11223344,CUMC,Care Ridge SCN,EncounterExample,https://shinny.org/us/ny/hrsn/index.html,AHCScreeningGroup96777-8,97023-6,Accountable health communities (AHC) health-related social needs (HRSN) supplemental questions,http://loinc.org,68524-8,How many times in the past year have you used illegal drugs?,http://loinc.org,LA26460-8,Once or twice,http://loinc.org,stress,Stress,,,POS,2023-07-12T16:08:00.000Z,2023-07-12T19:08:00.000Z
11223344,CUMC,Care Ridge SCN,EncounterExample,https://shinny.org/us/ny/hrsn/index.html,AHCScreeningGroup96777-8,97023-6,Accountable health communities (AHC) health-related social needs (HRSN) supplemental questions,http://loinc.org,44250-9,Little interest or pleasure in doing things?,http://loinc.org,LA6568-5,Not at all,http://loinc.org,stress,Stress,,,POS,2023-07-12T16:08:00.000Z,2023-07-12T19:08:00.000Z
11223344,CUMC,Care Ridge SCN,EncounterExample,https://shinny.org/us/ny/hrsn/index.html,AHCScreeningGroup96777-8,97023-6,Accountable health communities (AHC) health-related social needs (HRSN) supplemental questions,http://loinc.org,44255-8,"Feeling down, depressed, or hopeless?",http://loinc.org,LA6568-5,Not at all,http://loinc.org,stress,Stress,,,POS,2023-07-12T16:08:00.000Z,2023-07-12T19:08:00.000Z
11223344,CUMC,Care Ridge SCN,EncounterExample,https://shinny.org/us/ny/hrsn/index.html,AHCScreeningGroup96777-8,97023-6,Accountable health communities (AHC) health-related social needs (HRSN) supplemental questions,http://loinc.org,71969-0,PROMIS-10 Global Mental Health (GMH) score T-score,http://loinc.org,,1,,stress,Stress,,,POS,2023-07-12T16:08:00.000Z,2023-07-12T19:08:00.000Z
11223344,CUMC,Care Ridge SCN,EncounterExample,https://shinny.org/us/ny/hrsn/index.html,AHCScreeningGroup96777-8,97023-6,Accountable health communities (AHC) health-related social needs (HRSN) supplemental questions,http://loinc.org,93038-8,"Stress means a situation in which a person feels tense, restless, nervous, or anxious, or is unable to sleep at night because his or her mind is troubled all the time. Do you feel this kind of stress these days?",http://loinc.org,LA6568-5,Not at all,http://loinc.org,stress,Stress,,,POS,2023-07-12T16:08:00.000Z,2023-07-12T19:08:00.000Z
11223344,CUMC,Care Ridge SCN,EncounterExample,https://shinny.org/us/ny/hrsn/index.html,AHCScreeningGroup96777-8,97023-6,Accountable health communities (AHC) health-related social needs (HRSN) supplemental questions,http://loinc.org,69858-9,"Because of a physical, mental, or emotional condition, do you have serious difficulty concentrating, remembering, or making decisions?",http://loinc.org,LA33-6,yes,http://loinc.org,sdoh-category-unspecified,SDOH Category Unspecified,asked-declined,Asked But Declined,POS,2023-07-12T16:08:00.000Z,2023-07-12T19:08:00.000Z
11223344,CUMC,Care Ridge SCN,EncounterExample,https://shinny.org/us/ny/hrsn/index.html,AHCScreeningGroup96777-8,97023-6,Accountable health communities (AHC) health-related social needs (HRSN) supplemental questions,http://loinc.org,69861-3,"Because of a physical, mental, or emotional condition, do you have difficulty doing errands alone such as visiting a physician's office or shopping",http://loinc.org,LA32-8,No,http://loinc.org,sdoh-category-unspecified,SDOH Category Unspecified,,,POS,2023-07-12T16:08:00.000Z,2023-07-12T19:08:00.000Z
